[
  {
    "Name": "Rawon",
    "Type": "Food",
    "Time": "Breakfast"
  },
  {
    "Name": "Lontong Balap",
    "Type": "Food",
    "Time": "Lunch"
  },
  {
    "Name": "Bebek Goreng",
    "Type": "Food",
    "Time": "Dinner"
  },
  {
    "Name": "Krengsengan",
    "Type": "Food",
    "Time": "Lunch"
  },
  {
    "Name": "Rujak Cingur",
    "Type": "Food",
    "Time": "Lunch"
  },
  {
    "Name": "Semanggi",
    "Type": "Food",
    "Time": "Lunch"
  },
  {
    "Name": "Tahu Tek",
    "Type": "Food",
    "Time": "Dinner"
  },
  {
    "Name": "Kue Cucur",
    "Type": "Snack",
    "Time": "Lunch"
  },
  {
    "Name": "Lapis Kukus",
    "Type": "Snack",
    "Time": "Breakfast"
  },
  {
    "Name": "Lontong Kupang",
    "Type": "Food",
    "Time": "Lunch"
  },
  {
    "Name": "Sate Kerang",
    "Type": "Snack",
    "Time": "Lunch"
  },
  {
    "Name": "Kerupuk Udang",
    "Type": "Snack",
    "Time": "Lunch"
  },
  {
    "Name": "Weci",
    "Type": "Snack",
    "Time": "Lunch"
  },
  {
    "Name": "Menjes",
    "Type": "Snack",
    "Time": "Lunch"
  },
  {
    "Name": "Onde Onde",
    "Type": "Snack",
    "Time": "Breakfast"
  },
  {
    "Name": "Sate Ayam Ponorogo",
    "Type": "Food",
    "Time": "Dinner"
  },
  {
    "Name": "Sate Ayam Madura",
    "Type": "Food",
    "Time": "Dinner"
  },
  {
    "Name": "Soto Ayam Lamongan",
    "Type": "Food",
    "Time": "Breakfast"
  },
  {
    "Name": "Tahu Campur",
    "Type": "Food",
    "Time": "Dinner"
  },
  {
    "Name": "Kerupuk Puli",
    "Type": "Snack",
    "Time": "Lunch"
  },
  {
    "Name": "Rujak Legi",
    "Type": "Food",
    "Time": "Lunch"
  },
  {
    "Name": "Gethuk",
    "Type": "Food",
    "Time": "Breakfast"
  },
  {
    "Name": "Putu",
    "Type": "Snack",
    "Time": "Dinner"
  },
  {
    "Name": "Lemper",
    "Type": "Snack",
    "Time": "Breakfast"
  },
  {
    "Name": "Lupis",
    "Type": "Snack",
    "Time": "Lunch"
  },
  {
    "Name": "Urap Urap",
    "Type": "Snack",
    "Time": "Lunch"
  },
  {
    "Name": "Sego Kuning",
    "Type": "Food",
    "Time": "Breakfast"
  },
  {
    "Name": "Pukis",
    "Type": "Snack",
    "Time": "Breakfast"
  },
  {
    "Name": "Sego Jagung",
    "Type": "Food",
    "Time": "Breakfast"
  },
  {
    "Name": "Angsle",
    "Type": "Beverage",
    "Time": "Dinner"
  },
  {
    "Name": "Klepon",
    "Type": "Snack",
    "Time": "Breakfast"
  },
  {
    "Name": "STMJ",
    "Type": "Beverage",
    "Time": "Dinner"
  },
  {
    "Name": "Nasi Krawu",
    "Type": "Food",
    "Time": "Breakfast"
  },
  {
    "Name": "Tempe Penyet",
    "Type": "Food",
    "Time": "Dinner"
  },
  {
    "Name": "Bakso Malang",
    "Type": "Food",
    "Time": "Lunch"
  },
  {
    "Name": "Tahu Isi",
    "Type": "Snack",
    "Time": "Lunch"
  },
  {
    "Name": "Tahu Petis",
    "Type": "Snack",
    "Time": "Dinner"
  },
  {
    "Name": "Pecel Madiun",
    "Type": "Food",
    "Time": "Breakfast"
  },
  {
    "Name": "Es Karet",
    "Type": "Beverage",
    "Time": "Lunch"
  },
  {
    "Name": "Es Soklat",
    "Type": "Beverage",
    "Time": "Lunch"
  },
  {
    "Name": "Es Teh",
    "Type": "Beverage",
    "Time": "Lunch"
  },
  {
    "Name": "Es Jeruk",
    "Type": "Beverage",
    "Time": "Lunch"
  },
  {
    "Name": "Teh Panas",
    "Type": "Beverage",
    "Time": "Breakfast"
  },
  {
    "Name": "Lontong Kikil",
    "Type": "Food",
    "Time": "Dinner"
  },
  {
    "Name": "Jeruk Panas",
    "Type": "Beverage",
    "Time": "Dinner"
  },
  {
    "Name": "Soto Daging Madura",
    "Type": "Food",
    "Time": "Breakfast"
  },
  {
    "Name": "Lontong Mie",
    "Type": "Food",
    "Time": "Lunch"
  },
  {
    "Name": "Nasi Bali",
    "Type": "Food",
    "Time": "Breakfast"
  },
  {
    "Name": "Es Dawet",
    "Type": "Beverage",
    "Time": "Lunch"
  },
  {
    "Name": "Es Degan",
    "Type": "Beverage",
    "Time": "Lunch"
  },
  {
    "Name": "Nasi Campur",
    "Type": "Food",
    "Time": "Breakfast"
  },
  {
    "Name": "Wedang Jahe",
    "Type": "Beverage",
    "Time": "Breakfast"
  },
  {
    "Name": "Es Teler",
    "Type": "Beverage",
    "Time": "Lunch"
  },
  {
    "Name": "Pecel Lele",
    "Type": "Food",
    "Time": "Dinner"
  },
  {
    "Name": "Kopi Panas",
    "Type": "Beverage",
    "Time": "Breakfast"
  },
  {
    "Name": "Nasi Goreng",
    "Type": "Food",
    "Time": "Dinner"
  },
  {
    "Name": "Martabak",
    "Type": "Snack",
    "Time": "Dinner"
  },
  {
    "Name": "Terang Bulan",
    "Type": "Snack",
    "Time": "Dinner"
  },
  {
    "Name": "Pentol",
    "Type": "Snack",
    "Time": "Lunch"
  },
  {
    "Name": "Es Legen",
    "Type": "Beverage",
    "Time": "Lunch"
  },
  {
    "Name": "Sego Babat",
    "Type": "Food",
    "Time": "Dinner"
  }
]